Species,Run,Stage,Mass,Metabolic
bugula,1,early,13.314605739018887,0.16675255002968542
bugula,1,early,14.755931177996342,0.1444650149969164
bugula,1,early,11.584297653376165,0.17049291493282423
bugula,1,early,14.402103976480037,0.16391810700220596
bugula,1,early,12.691212530959216,0.13436883104723488
bugula,1,early,12.481860399351403,0.1865405298503078
bugula,1,early,18.322467541194236,0.22103604085569223
bugula,1,early,10.577691607110856,0.1708391468711714
bugula,1,early,13.279480758550516,0.13740563611072676
bugula,1,early,10.861870258961334,0.2929664199371642
bugula,1,early,17.13695060752848,0.13459911209406672
bugula,1,early,12.286725875449676,0.13174654504965552
bugula,1,early,15.394640585427293,0.20667850003418436
bugula,1,early,14.855680004228608,0.2057658568349229
bugula,1,early,10.817207584736181,0.18392282417553954
bugula,1,early,10.428838306285057,0.26287803695278006
bugula,1,early,10.861156386119088,0.08045558092795899
bugula,1,larvae,13.310266651216857,0.8476076231860534
bugula,1,larvae,16.379305339103045,0.4358909748336799
bugula,1,larvae,16.76243010624598,0.8376482123683506
bugula,1,larvae,19.17188904941501,0.7272240399725218
bugula,1,larvae,17.01248961094925,0.9679542187405799
bugula,1,larvae,13.743882765596618,0.7489373591759135
bugula,1,larvae,14.861696292598188,0.8667661711842699
bugula,1,larvae,17.84054651000596,1.0460814117324526
bugula,1,larvae,9.747012925896735,0.5949950408545323
bugula,1,larvae,17.93902251726654,0.755029704415481
bugula,1,larvae,21.371129009798793,0.7672989236810187
bugula,1,larvae,13.02835785520897,0.7900146046966835
bugula,1,larvae,15.778019119704872,0.9342264414917756
bugula,1,larvae,19.193262409488682,1.0781635715093532
bugula,1,larvae,17.451659465397686,0.7269108612781436
bugula,1,larvae,11.572034186886803,0.616397084671235
bugula,1,larvae,11.65945407130095,0.7010750570585219
bugula,1,larvae,10.567637029719245,0.6418761026545928
bugula,1,late,0.16675255002968542,0.576373465511893
bugula,1,late,0.1444650149969164,0.21061842412744466
bugula,1,late,0.17049291493282423,0.2973376673415743
bugula,1,late,0.16391810700220596,0.5746249394560585
bugula,1,late,0.13436883104723488,0.29218801700154906
bugula,1,late,0.1865405298503078,0.48451307237468544
bugula,1,late,0.22103604085569223,0.50970870300582
bugula,1,late,0.1708391468711714,0.29887133810419286
bugula,1,late,0.13740563611072676,0.2370563749968769
bugula,1,late,0.2929664199371642,0.6052137899862059
bugula,1,late,0.13459911209406672,0.35415751606967744
bugula,1,late,0.13174654504965552,0.4920218731068608
bugula,1,late,0.20667850003418436,0.5819018568095484
bugula,1,late,0.2057658568349229,0.45775517207576094
bugula,1,late,0.18392282417553954,0.2791744112957212
bugula,1,late,0.26287803695278006,0.5407228668243853
bugula,1,late,0.08045558092795899,0.24025884889886157
bugula,2,early,12.754510157559903,0.19497681419537785
bugula,2,early,12.528859845064735,0.16886380811675364
bugula,2,early,9.393531866396103,0.20492790111278852
bugula,2,early,12.380717098289665,0.1413650649316548
bugula,2,early,11.611850239298478,0.12410958488128371
bugula,2,early,13.600308164360541,0.12378480390220596
bugula,2,early,12.457785274660072,0.20874478910488642
bugula,2,early,14.985444618483353,0.4304704070722986
bugula,2,early,14.143993822906275,0.15816869412179116
bugula,2,early,12.417389300426507,0.12255214612763608
bugula,2,early,14.735550665017975,0.14527734187266222
bugula,2,early,11.606480471085174,0.12517890290986705
bugula,2,early,13.895470930218371,0.15381166804884522
bugula,2,larvae,18.54282339343035,1.0841066963613022
bugula,2,larvae,9.926299048508534,0.6114348660327895
bugula,2,larvae,12.981846989061095,0.8267336275519247
bugula,2,larvae,11.84205683193396,0.3914362498328146
bugula,2,larvae,18.024028814063737,0.5547751518930252
bugula,2,larvae,17.955365662705397,1.0350981562334947
bugula,2,larvae,16.54177971204123,0.9757781814646069
bugula,2,larvae,12.28128893815579,0.447552009043771
bugula,2,larvae,14.292155739542691,0.40788789985294205
bugula,2,larvae,20.217248441896754,0.818933348955397
bugula,2,larvae,13.231343276388685,0.3924770874502004
bugula,2,larvae,11.354372031719407,0.29145323959304803
bugula,2,larvae,13.875320005104248,0.31920463949621397
bugula,2,larvae,13.603271531845929,0.6807669055146864
bugula,2,larvae,12.02085232722199,0.7369723599365845
bugula,2,larvae,14.691917230304037,0.9638525928605359
bugula,2,larvae,10.32992979626648,0.39597306388841325
bugula,2,larvae,9.464905996549064,0.5995900813926368
bugula,2,larvae,10.23273567794117,0.6376286461922924
bugula,2,larvae,10.241719518558273,0.3657797737939027
bugula,2,larvae,13.949388505163038,0.7728040439476002
bugula,2,larvae,11.163468878737692,0.8659845223754081
bugula,2,larvae,18.04058058629111,1.0555693953159566
bugula,2,larvae,20.600471711590792,1.214299454727403
bugula,2,larvae,13.747283693328301,1.0271740853126385
bugula,2,larvae,10.649969891897737,0.656952863558611
bugula,2,larvae,12.78230632195194,0.903939815455398
bugula,2,larvae,9.839739229236265,0.6088590826424352
bugula,2,larvae,11.60472603325413,0.8869565494973508
bugula,2,larvae,17.73968308488781,1.0628857241791325
bugula,2,larvae,17.03222172104522,1.0018025988723762
bugula,2,larvae,15.563514369783162,0.9235796453674441
bugula,2,late,0.19497681419537785,0.676000283382555
bugula,2,late,0.16886380811675364,0.3298631850007489
bugula,2,late,0.20492790111278852,0.29012986972429217
bugula,2,late,0.1413650649316548,0.2234735118938035
bugula,2,late,0.12410958488128371,0.14808104890459187
bugula,2,late,0.12378480390220596,0.4546587745084864
bugula,2,late,0.20874478910488642,0.2584786739540451
bugula,2,late,0.4304704070722986,0.3651084102399979
bugula,2,late,0.15816869412179116,0.20443625280667688
bugula,2,late,0.12255214612763608,0.4148701219454874
bugula,2,late,0.14527734187266222,0.14167151788164895
bugula,2,late,0.12517890290986705,0.4126149068453204
bugula,2,late,0.15381166804884522,0.31170761916507855
bugula,3,early,17.974907741956123,0.22577250416255962
bugula,3,early,17.368663570431337,0.11815205890418401
bugula,3,early,15.888467282023502,0.28811814567535526
bugula,3,early,18.041309461362133,0.15337233694475202
bugula,3,early,21.553000947021246,0.18831580799827752
bugula,3,early,12.403551408730651,0.15918012705025913
bugula,3,early,13.896773208260969,0.11676049191128479
bugula,3,early,11.535749427541127,0.17119677807825437
bugula,3,early,23.2897620286257,0.1660597260007149
bugula,3,early,12.625151491476162,0.10380770698731089
bugula,3,early,17.760269801976857,0.1438188990975347
bugula,3,early,19.07968784011878,0.1836486829002078
bugula,3,early,16.73639826774818,0.11369844000286465
bugula,3,early,14.135074440955373,0.06675357002294692
bugula,3,early,10.294500380535059,0.13134402802871695
bugula,3,early,18.785412587742695,0.19623693497269654
bugula,3,early,15.711089332291914,0.16450566305787837
bugula,3,larvae,18.60293026191283,0.8795502087153519
bugula,3,larvae,18.10349577538254,0.6766717644305017
bugula,3,larvae,18.291186714653236,0.6342284710885752
bugula,3,larvae,14.876279828202332,0.8552987789148793
bugula,3,larvae,12.171403635474585,0.47768700291621385
bugula,3,larvae,16.687629232914666,0.5786718443488873
bugula,3,larvae,16.596237723146892,0.7443305630879902
bugula,3,larvae,14.106221727995063,0.5581876340406698
bugula,3,larvae,14.172802754164225,0.4563464663653457
bugula,3,larvae,19.80199588837255,0.6484122050951142
bugula,3,larvae,10.127863583134372,0.6311803603307014
bugula,3,larvae,17.48039358922518,1.0262590123269004
bugula,3,larvae,10.376459109766673,0.6327668997603005
bugula,3,larvae,12.308362715478474,0.737106345651733
bugula,3,larvae,16.919519956467244,0.7584996539765589
bugula,3,larvae,14.59653842894458,0.5944019219356611
bugula,3,larvae,15.998285249716107,0.7321506545904908
bugula,3,larvae,14.571496858281874,0.8671231201605896
bugula,3,larvae,12.313188697188398,0.29372235795853896
bugula,3,larvae,12.376063129354394,0.909317692097644
bugula,3,late,0.22577250416255962,0.3719467951528824
bugula,3,late,0.11815205890418401,0.27884970218767
bugula,3,late,0.28811814567535526,0.42057971560249874
bugula,3,late,0.15337233694475202,0.28804664023642373
bugula,3,late,0.18831580799827752,0.4806143725088105
bugula,3,late,0.15918012705025913,0.2755564968950146
bugula,3,late,0.11676049191128479,0.2311811527787085
bugula,3,late,0.17119677807825437,0.2778711529112743
bugula,3,late,0.1660597260007149,0.33465362678442995
bugula,3,late,0.10380770698731089,0.4576250074923875
bugula,3,late,0.1438188990975347,0.23868384810269094
bugula,3,late,0.1836486829002078,0.33629939498223776
bugula,3,late,0.11369844000286465,0.2949577861854668
bugula,3,late,0.06675357002294692,0.2782072241254682
bugula,3,late,0.13134402802871695,0.37531096686017495
bugula,3,late,0.19623693497269654,0.3573421770926597
bugula,3,late,0.16450566305787837,0.21610973311105106
bugula,4,early,19.38739380643648,0.15612955000772824
bugula,4,early,19.37912129489087,0.21889405217120217
bugula,4,early,16.221156038994074,0.19431195486863498
bugula,4,early,19.530234324457123,0.2565608247370779
bugula,4,early,17.7279579532414,0.14623880616562437
bugula,4,early,14.915199235771194,0.10643998409890543
bugula,4,early,13.532100888250298,0.14046916602713655
bugula,4,early,19.773620781481824,0.18461317907591707
bugula,4,early,15.60986086165598,0.16768808688924514
bugula,4,early,17.98118850641322,0.14583448489567044
bugula,4,early,10.938771564229878,0.13169561296030097
bugula,4,early,9.975971046292674,0.17173613710475064
bugula,4,early,17.495286426932317,0.18258635297392808
bugula,4,early,9.865120694897454,0.11219652397458875
bugula,4,early,20.23348105093505,0.09874580690144781
bugula,4,early,15.278814635058545,0.1804694550791468
bugula,4,early,13.833188119121404,0.13080444908254277
bugula,4,early,18.25985485219665,0.1857608830921081
bugula,4,early,14.325109949758609,0.12293735499160435
bugula,4,larvae,20.05743576381366,1.0632734728818107
bugula,4,larvae,16.78911902449651,0.9398073884982825
bugula,4,larvae,17.977381014350986,0.5274055127738702
bugula,4,larvae,15.692093240865198,0.709280491659684
bugula,4,larvae,17.189108344883444,0.4367400997951748
bugula,4,larvae,11.520910212742333,0.45355792212132323
bugula,4,larvae,16.98579576970308,1.3869350800459894
bugula,4,larvae,15.637108010997869,0.8196090081602341
bugula,4,larvae,13.209886921248692,0.9011599204265102
bugula,4,larvae,17.319642644781396,1.1622028791738779
bugula,4,larvae,14.079724662537563,0.9699009171376937
bugula,4,larvae,17.708719951765385,0.7820958960712233
bugula,4,larvae,15.882022319025857,0.821883542184132
bugula,4,larvae,18.48425797044325,0.5404832171809107
bugula,4,larvae,15.536372595466661,0.35794510689956804
bugula,4,larvae,17.449689438833275,0.707444679950866
bugula,4,larvae,15.536372595466661,0.9234431731865014
bugula,4,larvae,16.422677102273067,0.9668233486191394
bugula,4,larvae,17.449689438833275,1.0232893448599487
bugula,4,larvae,14.684673437988007,0.36232953279570573
bugula,4,larvae,18.854851054110057,0.6758211437580594
bugula,4,larvae,11.816279115185486,0.6741482306172705
bugula,4,late,0.15612955000772824,0.3516425987760776
bugula,4,late,0.21889405217120217,0.4906489807503873
bugula,4,late,0.19431195486863498,0.5351643830558481
bugula,4,late,0.2565608247370779,0.47387302348000027
bugula,4,late,0.14623880616562437,0.2676699119107086
bugula,4,late,0.10643998409890543,0.21085743490875083
bugula,4,late,0.14046916602713655,0.3322924279582517
bugula,4,late,0.18461317907591707,0.26401643712476797
bugula,4,late,0.16768808688924514,0.43948781746489085
bugula,4,late,0.14583448489567044,0.38236833593103886
bugula,4,late,0.13169561296030097,0.17268612609827244
bugula,4,late,0.17173613710475064,0.4228525490892266
bugula,4,late,0.18258635297392808,0.4063617865395393
bugula,4,late,0.11219652397458875,0.21315675690406996
bugula,4,late,0.09874580690144781,0.3192988166439735
bugula,4,late,0.1804694550791468,0.4479776766087983
bugula,4,late,0.13080444908254277,0.37512737928479406
bugula,4,late,0.1857608830921081,0.32012568664074065
bugula,4,late,0.12293735499160435,0.39777806518852615
bugula,5,early,11.994294140606371,0.24013222282105362
bugula,5,early,20.49023965671343,0.22401306798710435
bugula,5,early,8.52824236269099,0.14601110309022408
bugula,5,early,14.057160581190569,0.08949001502541994
bugula,5,early,12.690167457039099,0.192978669138304
bugula,5,early,11.698879885048182,0.22876815413674198
bugula,5,early,14.870391618003861,0.31695019112998113
bugula,5,early,10.191672181721502,0.2648677351753392
bugula,5,early,9.69740491615043,0.08940782807892
bugula,5,early,11.450240377119698,0.35963280718611185
bugula,5,early,13.311292480027502,0.19755759883651783
bugula,5,early,16.86682251534204,0.14713015008902613
bugula,5,early,10.29885792501729,0.07816774508697687
bugula,5,early,11.904757356112327,0.20984637578562823
bugula,5,early,19.297609859179197,0.2239777069029293
bugula,5,early,10.88042653678187,0.21206583115913194
bugula,5,early,9.621369241785024,0.09428563210707237
bugula,5,early,18.185768067308224,0.26855767103415074
bugula,5,early,14.76778459339688,0.14756771413887662
bugula,5,larvae,18.889694665124132,0.8000069391153711
bugula,5,larvae,17.411323631319366,1.2694757727019248
bugula,5,larvae,17.550979501849444,0.5700633872369761
bugula,5,larvae,12.014384812823558,0.7352774264144677
bugula,5,larvae,17.623469408763064,0.669107087257845
bugula,5,larvae,16.49144558060148,1.249392739974123
bugula,5,larvae,14.462561675175568,0.7391800210008422
bugula,5,larvae,15.999767398010523,0.7633668406266861
bugula,5,larvae,18.595600739237454,0.9855307399028186
bugula,5,larvae,11.923133646716273,0.6146675795531347
bugula,5,larvae,18.72567717464425,0.6124281984441219
bugula,5,larvae,17.303708367541812,0.7282674574710887
bugula,5,larvae,12.252083558278846,0.8545602781831031
bugula,5,late,0.24013222282105362,0.4440284558004373
bugula,5,late,0.22401306798710435,0.5328058922372085
bugula,5,late,0.14601110309022408,0.472827549538433
bugula,5,late,0.08949001502541994,0.36446548686929964
bugula,5,late,0.192978669138304,0.3703858527294647
bugula,5,late,0.22876815413674198,0.25683217521474055
bugula,5,late,0.31695019112998113,0.25987730777532914
bugula,5,late,0.2648677351753392,0.3368278723645191
bugula,5,late,0.08940782807892,0.2818474370740072
bugula,5,late,0.35963280718611185,0.28524764790522217
bugula,5,late,0.19755759883651783,0.3897010940174819
bugula,5,late,0.14713015008902613,0.559072706688919
bugula,5,late,0.07816774508697687,0.31417033129514055
bugula,5,late,0.20984637578562823,0.21730235600874406
bugula,5,late,0.2239777069029293,0.3787046022804145
bugula,5,late,0.21206583115913194,0.5653303469152566
bugula,5,late,0.09428563210707237,0.2725136928977968
bugula,5,late,0.26855767103415074,0.28468486571599055
bugula,5,late,0.14756771413887662,0.30125395483534684
bugula,6,early,15.56320994325456,0.15217706509843293
bugula,6,early,13.49110887144019,0.1320670369077395
bugula,6,early,19.126819348270104,0.14985400313793218
bugula,6,early,12.763500008450391,0.05814786493574206
bugula,6,early,14.57807871863414,0.167647177860967
bugula,6,early,9.159291164178526,0.17766146418645828
bugula,6,early,16.412919937254408,0.19104185481002986
bugula,6,early,12.431585693522068,0.20186984194992982
bugula,6,early,18.190036227056886,0.22171083521044171
bugula,6,early,20.717756671170953,0.29190423576794583
bugula,6,early,14.628678993092414,0.07273331599423524
bugula,6,early,13.267360716134712,0.06801964703845792
bugula,6,early,15.82919444578765,0.25085499784250287
bugula,6,early,15.12410601630967,0.17732993096638028
bugula,6,early,17.8268273733528,0.18858166898059933
bugula,6,early,14.19528574136866,0.12260595909927553
bugula,6,early,17.263100545326473,0.1450579808635118
bugula,6,larvae,19.594381750360657,0.7761958224472678
bugula,6,larvae,16.29964512234631,0.9640965261362022
bugula,6,larvae,21.070837267077884,0.8834490010401985
bugula,6,larvae,16.984556809914576,0.9986886656610597
bugula,6,larvae,21.366368584502776,1.2013078748953583
bugula,6,larvae,13.367179500726081,0.4491130824104922
bugula,6,larvae,21.739626080962992,1.2458585041216075
bugula,6,larvae,12.248135774216946,0.7369722411506842
bugula,6,larvae,18.17152805774401,1.060958630561069
bugula,6,larvae,15.727065806425035,0.9335860377652813
bugula,6,larvae,12.955558718157599,0.7840636969711979
bugula,6,late,0.15217706509843293,0.3669240242507181
bugula,6,late,0.1320670369077395,0.5048540621218206
bugula,6,late,0.14985400313793218,0.5219567496393102
bugula,6,late,0.05814786493574206,0.24880525109180038
bugula,6,late,0.167647177860967,0.5212591325946787
bugula,6,late,0.17766146418645828,0.37110034833377786
bugula,6,late,0.19104185481002986,0.29995789278200036
bugula,6,late,0.20186984194992982,0.3283890127107286
bugula,6,late,0.22171083521044171,0.55030083019865
bugula,6,late,0.29190423576794583,0.36228159823442063
bugula,6,late,0.07273331599423524,0.4018293899197113
bugula,6,late,0.06801964703845792,0.35276021368044813
bugula,6,late,0.25085499784250287,0.3851810112304572
bugula,6,late,0.17732993096638028,0.22366356917734875
bugula,6,late,0.18858166898059933,0.3185138488310918
bugula,6,late,0.12260595909927553,0.289852197298938
bugula,6,late,0.1450579808635118,0.3511460140578125
bugula,7,early,17.73760323012375,0.16479406398288188
bugula,7,early,12.699412643373506,0.12657873088553798
bugula,7,early,16.013963599489497,0.1941846810246441
bugula,7,early,11.679507260987451,0.18059158304905507
bugula,7,early,13.253236991571244,0.2950271058756842
bugula,7,early,10.911512838723795,0.21223434191175045
bugula,7,early,18.05286327516885,0.33893887061418876
bugula,7,early,20.04082016776996,0.2703606961282518
bugula,7,early,22.512029230707725,0.34391805420848076
bugula,7,early,17.88286948754175,0.2511444302232932
bugula,7,early,14.024105784431503,0.13839949390213885
bugula,7,early,24.47557176554353,0.3233462369014342
bugula,7,early,14.754729196177962,0.2717169287110394
bugula,7,early,12.055630789596837,0.21076760423876154
bugula,7,early,10.392645871694794,0.06711840092297314
bugula,7,early,8.104169336054156,0.02446939901971125
bugula,7,early,11.309537891879364,0.22756250299821518
bugula,7,larvae,18.053650013083853,0.4447328995549222
bugula,7,larvae,14.52277292910811,0.44101580614763497
bugula,7,larvae,12.523938577703962,0.41609516275103237
bugula,7,larvae,13.245957644327678,0.45144058599421666
bugula,7,larvae,12.622088560655833,0.7665052521180276
bugula,7,larvae,16.528298478056804,0.4484708234174397
bugula,7,larvae,21.678359795887374,0.5998624086187354
bugula,7,larvae,16.678321220897793,0.879831217054939
bugula,7,larvae,17.287065638369977,1.0151959347463437
bugula,7,larvae,17.92308481712511,0.8834906037813768
bugula,7,larvae,18.849356527184085,0.5553840203974008
bugula,7,larvae,14.483775680480734,0.7109108507706312
bugula,7,larvae,18.04314590347053,0.6820834500250468
bugula,7,late,0.16479406398288188,0.42432297664997337
bugula,7,late,0.12657873088553798,0.3225243049588097
bugula,7,late,0.1941846810246441,0.3488697226687937
bugula,7,late,0.18059158304905507,0.41311033586797435
bugula,7,late,0.2950271058756842,0.39197605618570275
bugula,7,late,0.21223434191175045,0.34039554066784794
bugula,7,late,0.33893887061418876,0.5207479932146061
bugula,7,late,0.2703606961282518,0.41426131744874256
bugula,7,late,0.34391805420848076,0.3793418623454524
bugula,7,late,0.2511444302232932,0.40007267772730387
bugula,7,late,0.13839949390213885,0.29612854311298
bugula,7,late,0.3233462369014342,0.4795127054714703
bugula,7,late,0.2717169287110394,0.2717688120481286
bugula,7,late,0.21076760423876154,0.38241086509784766
bugula,7,late,0.06711840092297314,0.3193187452059627
bugula,7,late,0.02446939901971125,0.15992581808995215
bugula,7,late,0.22756250299821518,0.46743256451270565
bugula,8,early,15.931267137844824,0.16667781707142193
bugula,8,early,16.61657660259088,0.17715993488983708
bugula,8,early,13.209584215840614,0.10116275706754273
bugula,8,early,18.291390183078875,0.1634061659029595
bugula,8,early,16.81234788699454,0.18733741186583752
bugula,8,early,15.53407032724013,0.29511374680052815
bugula,8,early,13.263529724196827,0.16507227283140938
bugula,8,early,23.271810723057246,0.17461215488851772
bugula,8,early,19.761702910547818,0.32989615287820456
bugula,8,early,16.04349465766633,0.03091643298730056
bugula,8,early,16.740710456240922,0.11032727104542754
bugula,8,early,16.71139524772462,0.22144846078806915
bugula,8,early,18.82755218393341,0.20895952000954132
bugula,8,early,16.942686542075112,0.14085560489001733
bugula,8,early,14.747412293757575,0.25491869585770394
bugula,8,early,21.383088627548105,0.28810169673162705
bugula,8,larvae,19.15240152385383,0.8976609666628844
bugula,8,larvae,19.80210349470701,0.676507327558278
bugula,8,larvae,14.623794582991614,0.7218045576941863
bugula,8,larvae,19.30152301485292,0.9442517622046422
bugula,8,larvae,21.422868945300067,0.6538285326720569
bugula,8,larvae,19.670148108556504,0.6848456554314175
bugula,8,larvae,19.753686907719562,0.4677698392049632
bugula,8,larvae,19.821363406884686,0.539917757084913
bugula,8,larvae,16.310232278823747,1.0026552934886324
bugula,8,larvae,15.971413620835657,0.575858662225355
bugula,8,larvae,19.3082134390203,0.42636608329818204
bugula,8,larvae,16.750200002018712,0.6111147977395294
bugula,8,late,0.16667781707142193,0.184651491090936
bugula,8,late,0.17715993488983708,0.14050950214966731
bugula,8,late,0.10116275706754273,0.3107967652162241
bugula,8,late,0.1634061659029595,0.2502428439150854
bugula,8,late,0.18733741186583752,0.2515954402630401
bugula,8,late,0.29511374680052815,0.27743987875272386
bugula,8,late,0.16507227283140938,0.30464985026122965
bugula,8,late,0.17461215488851772,0.33394156489698057
bugula,8,late,0.32989615287820456,0.40832113697047107
bugula,8,late,0.03091643298730056,0.25534302377671486
bugula,8,late,0.11032727104542754,0.40553808216055615
bugula,8,late,0.22144846078806915,0.38006630090517374
bugula,8,late,0.20895952000954132,0.334723273384005
bugula,8,late,0.14085560489001733,0.24731460722588777
bugula,8,late,0.25491869585770394,0.32814628432076615
bugula,8,late,0.28810169673162705,0.27870038971464645
bugula,9,early,11.97490153320383,0.20316649112872814
bugula,9,early,10.83141647349721,0.20974029523929388
bugula,9,early,12.906068831935618,0.20498440611354618
bugula,9,early,12.71539031689829,0.1945958508254272
bugula,9,early,7.774958435666911,0.15949804786829552
bugula,9,early,13.387313972174725,0.1600801671119617
bugula,9,early,12.389604782931814,0.12008712402495987
bugula,9,early,8.798280890921374,0.13087044495456704
bugula,9,early,9.36008130088258,0.1192303829925203
bugula,9,early,10.662011312992167,0.17055085502362263
bugula,9,early,11.202823326257473,0.1243581059926682
bugula,9,early,10.708603313950423,0.1922261700211648
bugula,9,early,11.26036916878358,0.1457681671116759
bugula,9,early,13.560898675133469,0.23843756278899572
bugula,9,early,16.33621046712234,0.1921745040734079
bugula,9,early,9.144440406500776,0.07778499802132811
bugula,9,early,8.693822078745328,0.12925547202681756
bugula,9,early,14.310455054549445,0.17227562810611324
bugula,9,early,11.532727700178656,0.13403727192162868
bugula,9,early,14.911448468299634,0.128484661889702
bugula,9,late,0.20316649112872814,0.6435512867553649
bugula,9,late,0.20974029523929388,0.36744765997720924
bugula,9,late,0.20498440611354618,0.4153878553847307
bugula,9,late,0.1945958508254272,0.3532448760815433
bugula,9,late,0.15949804786829552,0.2687769027255737
bugula,9,late,0.1600801671119617,0.45219174832590353
bugula,9,late,0.12008712402495987,0.21740825888370136
bugula,9,late,0.13087044495456704,0.32431031422012685
bugula,9,late,0.1192303829925203,0.5007005102769857
bugula,9,late,0.17055085502362263,0.4947786166307
bugula,9,late,0.1243581059926682,0.32766102688948767
bugula,9,late,0.1922261700211648,0.37509774993893324
bugula,9,late,0.1457681671116759,0.32287828517487954
bugula,9,late,0.23843756278899572,0.36700069695283555
bugula,9,late,0.1921745040734079,0.4271649209983726
bugula,9,late,0.07778499802132811,0.24740465171666462
bugula,9,late,0.12925547202681756,0.33986412403930666
bugula,9,late,0.17227562810611324,0.2810200592431198
bugula,9,late,0.13403727192162868,0.35335825779422825
bugula,9,late,0.128484661889702,0.31860176691478914
bugula,10,early,12.776950962815704,0.31189809270401764
bugula,10,early,8.943253043403827,0.0743609889575122
bugula,10,early,14.752729552955897,0.22723505721736395
bugula,10,early,18.536956167397218,0.18636945405291308
bugula,10,early,17.22598286977139,0.1721779830333358
bugula,10,early,16.413557427532545,0.14145716989778617
bugula,10,early,19.490361844423216,0.24928693273276323
bugula,10,early,13.411821509170899,0.26645472013994936
bugula,10,early,14.346841256668904,0.18143334687002363
bugula,10,early,11.830318036525739,0.26542725824143193
bugula,10,early,6.865996852481809,0.061000970990231274
bugula,10,early,12.205422740350652,0.2655145371096212
bugula,10,early,19.062177753678785,0.210183069908335
bugula,10,early,7.635803241226909,0.11818951486639657
bugula,10,early,18.23531777992624,0.2893535913261043
bugula,10,early,10.92179692003255,0.04565365199587906
bugula,10,early,11.952010307219773,0.1916454161105663
bugula,10,early,13.720460188912261,0.20450219508637305
bugula,10,early,16.39889461684847,0.1313236729889262
bugula,10,early,14.531708750544524,0.1518466671072549
bugula,10,late,0.31189809270401764,0.47605320350410585
bugula,10,late,0.0743609889575122,0.20797102199534198
bugula,10,late,0.22723505721736395,0.4970859727813795
bugula,10,late,0.18636945405291308,0.5162510963902359
bugula,10,late,0.1721779830333358,0.32391285199897374
bugula,10,late,0.14145716989778617,0.3646031630668223
bugula,10,late,0.24928693273276323,0.3157070317129583
bugula,10,late,0.26645472013994936,0.4397497811555812
bugula,10,late,0.18143334687002363,0.38673811668909475
bugula,10,late,0.26542725824143193,0.5823562837986153
bugula,10,late,0.061000970990231274,0.19874587290592946
bugula,10,late,0.2655145371096212,0.3999350011603258
bugula,10,late,0.210183069908335,0.3911501048525634
bugula,10,late,0.11818951486639657,0.33020829213988706
bugula,10,late,0.2893535913261043,0.39533024172430214
bugula,10,late,0.04565365199587906,0.517271588334248
bugula,10,late,0.1916454161105663,0.30092391615988057
bugula,10,late,0.20450219508637305,0.3854887196091473
bugula,10,late,0.1313236729889262,0.38047326562819456
bugula,10,late,0.1518466671072549,0.24034342678824017
bugula,11,early,10.616368066863249,0.15013558792884926
bugula,11,early,17.867788742283672,0.17549411885360489
bugula,11,early,11.250267606667961,0.20558072911501837
bugula,11,early,13.80254694722237,0.1545897329684239
bugula,11,early,14.653561217686416,0.12481317990818352
bugula,11,early,14.59564816684971,0.1933124811504555
bugula,11,early,14.005605297342159,0.10994387507098989
bugula,11,early,8.499297870478852,0.13715459687399448
bugula,11,early,11.715573553712792,0.07234110495633013
bugula,11,early,13.281312546962704,0.11471998591440233
bugula,11,early,13.539196986883681,0.15922717208783185
bugula,11,late,0.15013558792884926,0.507696721598638
bugula,11,late,0.17549411885360489,0.4859335110454531
bugula,11,late,0.20558072911501837,0.6039808069338384
bugula,11,late,0.1545897329684239,0.5891779567933039
bugula,11,late,0.12481317990818352,0.5096729572988279
bugula,11,late,0.1933124811504555,0.5895709685518631
bugula,11,late,0.10994387507098989,0.4179742960383072
bugula,11,late,0.13715459687399448,0.43310912021306647
bugula,11,late,0.07234110495633013,0.603700253196589
bugula,11,late,0.11471998591440233,0.5897702995800682
bugula,11,late,0.15922717208783185,0.6378168245115448
bugula,12,early,12.616595895372019,0.18809949518186114
bugula,12,early,16.695136607204653,0.2044202702016086
bugula,12,early,15.215203908983547,0.23309580089939774
bugula,12,early,15.252841980803415,0.07564408901164119
bugula,12,early,10.696394795087995,0.12079703902597207
bugula,12,early,13.224522413266842,0.1105710780719799
bugula,12,early,16.425188335713955,0.13582791494044272
bugula,12,early,10.260465418956803,0.1574848659106725
bugula,12,early,14.889965860185837,0.1517455311069913
bugula,12,early,12.152299264694976,0.14126789796341818
bugula,12,early,11.106965477443254,0.22528976603337805
bugula,12,late,0.18809949518186114,0.7011901957023502
bugula,12,late,0.2044202702016086,0.6356980774646841
bugula,12,late,0.23309580089939774,0.4706432398290686
bugula,12,late,0.07564408901164119,0.36539316396272986
bugula,12,late,0.12079703902597207,0.575395582041075
bugula,12,late,0.1105710780719799,0.40103618108173034
bugula,12,late,0.13582791494044272,0.497835286385777
bugula,12,late,0.1574848659106725,0.3558999188673442
bugula,12,late,0.1517455311069913,0.4913640356019908
bugula,12,late,0.14126789796341818,0.5160183705082776
bugula,12,late,0.22528976603337805,0.45701768280502697
watersipora,13,early,18.364770142917422,0.3671954389040063
watersipora,13,early,15.888111867115777,0.23063007222237378
watersipora,13,early,14.024506820749524,0.18081251082804714
watersipora,13,early,16.889928458016787,0.3315489569777192
watersipora,13,early,18.066908330440945,0.4151420771777081
watersipora,13,early,21.4392204027846,0.47305086940963686
watersipora,13,early,17.85011140712678,0.1084951630937381
watersipora,13,early,18.352697399920423,0.18151836706858848
watersipora,13,early,16.02615984197424,0.2497377450291934
watersipora,13,early,19.709264644858468,0.2846209697297947
watersipora,13,early,15.269097982688919,0.344035818104602
watersipora,13,early,16.534112222410347,0.17302388490334153
watersipora,13,early,19.195060796670106,0.2550776827556498
watersipora,13,early,21.25577479131891,0.21547804718156915
watersipora,13,early,21.552494106111105,0.25732293128107764
watersipora,13,early,25.053463897128957,0.5547446160801701
watersipora,13,larvae,18.02817254550918,0.8677759606024004
watersipora,13,larvae,19.48104789134839,0.807922129694139
watersipora,13,larvae,25.33364106292391,0.7542490016495708
watersipora,13,larvae,20.59921037626259,0.5689643757401982
watersipora,13,larvae,19.472315518156186,1.0257507920817417
watersipora,13,larvae,15.862279972642309,0.568414482913337
watersipora,13,larvae,16.55958154067222,0.5040603097841007
watersipora,13,larvae,17.982075840641695,0.6551321793371773
watersipora,13,larvae,15.858838227773004,0.30804086482292803
watersipora,13,larvae,16.258116715960142,0.5892374114937348
watersipora,13,larvae,19.869528934201398,0.6009600204104857
watersipora,13,larvae,13.642893313758323,0.17276597283981993
watersipora,13,larvae,17.953642826966064,0.45934364996373417
watersipora,13,larvae,18.64016511391639,0.48717143861290046
watersipora,13,larvae,15.248722812613204,0.4414866941245872
watersipora,13,larvae,18.26223235002336,0.8240361511983876
watersipora,13,larvae,22.36656585599595,0.46686048836700883
watersipora,13,larvae,23.623919441598975,1.0632297255085075
watersipora,13,larvae,15.341611260271543,0.3708847598883385
watersipora,13,larvae,12.95069605897099,0.484959204911251
watersipora,13,late,18.364770142917422,1.5895058477073598
watersipora,13,late,15.888111867115777,0.6088495648793133
watersipora,13,late,14.024506820749524,0.9704683136709471
watersipora,13,late,16.889928458016787,0.9704683136709471
watersipora,13,late,18.066908330440945,1.248478943331216
watersipora,13,late,21.4392204027846,1.2947606053525111
watersipora,13,late,17.85011140712678,1.9673178751838947
watersipora,13,late,18.352697399920423,1.5031645188668499
watersipora,13,late,16.02615984197424,0.542641494302711
watersipora,13,late,19.709264644858468,0.6270965565104365
watersipora,13,late,15.269097982688919,1.222121524114411
watersipora,13,late,16.534112222410347,1.6842559450863104
watersipora,13,late,19.195060796670106,0.8026449211897878
watersipora,13,late,21.25577479131891,0.9105650293037276
watersipora,13,late,21.552494106111105,1.2205308301299571
watersipora,13,late,25.053463897128957,1.085183280666101
watersipora,14,early,14.19907045048382,0.39166157768464316
watersipora,14,early,19.594931427391227,0.36178321265301266
watersipora,14,early,16.57051480169307,0.2622695342435728
watersipora,14,early,24.479130636139196,0.3951605825485244
watersipora,14,early,20.415346387370032,0.4413931326789554
watersipora,14,early,19.787182620753626,0.500440354426471
watersipora,14,early,19.963553041353602,0.3186022290879622
watersipora,14,early,16.161377213349546,0.2697021111514927
watersipora,14,early,17.373130663551024,0.4031346500097575
watersipora,14,early,18.150435837608555,0.3440541953955814
watersipora,14,early,16.19936310000536,0.3537606351681943
watersipora,14,larvae,11.394068288447805,0.3253462984380281
watersipora,14,larvae,14.746321052505829,0.6659118756126506
watersipora,14,larvae,17.138041770470227,0.4281686099762717
watersipora,14,larvae,14.89119847181428,0.635652723358727
watersipora,14,larvae,18.760524410935673,0.7941386934292461
watersipora,14,larvae,14.99975829766698,1.0845272833681578
watersipora,14,larvae,21.926370181485318,0.7212330172058257
watersipora,14,larvae,19.792105078082784,0.5214753760993173
watersipora,14,larvae,17.024484641808,0.6598753297001644
watersipora,14,larvae,20.18142075767794,0.7568344059192296
watersipora,14,larvae,19.86402920195862,1.2378843403439683
watersipora,14,larvae,15.302799567490911,0.7457007467561229
watersipora,14,larvae,17.39963219604298,0.4123941642541009
watersipora,14,larvae,12.669806670413479,0.48123419126051387
watersipora,14,larvae,18.671950999896286,0.9017611916488009
watersipora,14,larvae,20.412900656871557,1.1439277356060362
watersipora,14,larvae,17.381007141036985,0.6171518596784716
watersipora,14,larvae,24.588924417398417,0.4818752569792578
watersipora,14,larvae,24.434897973694493,0.5192094519745628
watersipora,14,late,14.19907045048382,0.6108301678913886
watersipora,14,late,19.594931427391227,1.085547856165513
watersipora,14,late,16.57051480169307,0.876285773541765
watersipora,14,late,24.479130636139196,0.7312285658293083
watersipora,14,late,20.415346387370032,0.8194048364467322
watersipora,14,late,19.787182620753626,0.7169380544958854
watersipora,14,late,19.963553041353602,1.448434264371878
watersipora,14,late,16.161377213349546,0.39716463283554
watersipora,14,late,17.373130663551024,0.5599967454355884
watersipora,14,late,18.150435837608555,0.6764526788684861
watersipora,14,late,16.19936310000536,1.0215795908667822
watersipora,15,early,16.02024649287881,0.16826271492758788
watersipora,15,early,15.819661118325888,0.2570145002153263
watersipora,15,early,24.054595763562936,0.28114589708754606
watersipora,15,early,14.296696375719165,0.16484978990987192
watersipora,15,early,19.250273980201708,0.24571296581800978
watersipora,15,early,17.374496543483364,0.17811098811129047
watersipora,15,early,19.559481862879046,0.23922337489958254
watersipora,15,early,20.982102534935343,0.33733926006939813
watersipora,15,early,16.34460532176665,0.20939787399624316
watersipora,15,early,14.092251457946547,0.1923130731854986
watersipora,15,early,19.86310946539206,0.2668225208984892
watersipora,15,early,22.483598381287855,0.3115037211459477
watersipora,15,early,14.157557233960642,0.2505867641055573
watersipora,15,early,22.19377674499029,0.3776523999954468
watersipora,15,early,14.872300982048552,0.2739403353019082
watersipora,15,larvae,19.602336402436606,0.4789257389521262
watersipora,15,larvae,16.86315131482461,0.41483043508501244
watersipora,15,larvae,13.728916891082715,0.3552023128799946
watersipora,15,larvae,19.467571928677096,0.554525852294138
watersipora,15,larvae,23.046549150996054,0.5563388942549092
watersipora,15,larvae,19.797819983229317,0.3096001019341678
watersipora,15,larvae,23.889872943866088,0.5482078448517572
watersipora,15,larvae,24.025462070278596,0.42181976460967013
watersipora,15,larvae,19.757168510606757,0.7202149515259175
watersipora,15,larvae,19.706814155223952,0.5668828494682286
watersipora,15,larvae,17.91519484918198,0.6457240410637262
watersipora,15,larvae,23.527927974205983,0.46188383278353545
watersipora,15,larvae,17.95751996706406,0.6850438487546179
watersipora,15,larvae,18.98855435078441,0.7619351532622372
watersipora,15,larvae,19.658294141229398,0.4939035753330889
watersipora,15,larvae,13.288111818029629,0.4157752381631976
watersipora,15,larvae,21.236417655516707,0.4061771453418967
watersipora,15,larvae,19.412375793835253,0.4182786175834335
watersipora,15,late,16.02024649287881,0.6269561862911068
watersipora,15,late,15.819661118325888,0.6748196853107795
watersipora,15,late,24.054595763562936,0.6938966487140579
watersipora,15,late,14.296696375719165,0.6274312709750093
watersipora,15,late,19.250273980201708,0.7633609013236844
watersipora,15,late,17.374496543483364,0.5336357872463074
watersipora,15,late,19.559481862879046,0.6200519490740914
watersipora,15,late,20.982102534935343,0.8613515687115078
watersipora,15,late,16.34460532176665,0.6021994146029477
watersipora,15,late,14.092251457946547,0.6478346262616698
watersipora,15,late,19.86310946539206,0.689750115699025
watersipora,15,late,22.483598381287855,0.6763966204173879
watersipora,15,late,14.157557233960642,0.6204641666904808
watersipora,15,late,22.19377674499029,0.6179282465400951
watersipora,15,late,14.872300982048552,0.7049420465365238
watersipora,16,early,16.599373651418066,0.46647917571484493
watersipora,16,early,21.032327370862028,0.4258744247961521
watersipora,16,early,14.122862862623043,0.29004144691269534
watersipora,16,early,15.539126493524645,0.22911008423725146
watersipora,16,early,17.220027037008332,0.4201419037637252
watersipora,16,early,14.273900957938375,0.41745109829460647
watersipora,16,early,13.359516478903647,0.15133916484037246
watersipora,16,early,9.770946829648244,0.2678305918415131
watersipora,16,early,15.61290758258717,0.4267855492474539
watersipora,16,early,16.06762750687889,0.38491281108997427
watersipora,16,early,13.086502847412545,0.2263656639570575
watersipora,16,early,18.509560637402597,0.29513367724797185
watersipora,16,early,12.99008835397055,0.29484843977509073
watersipora,16,early,9.221456225741617,0.3041159162281416
watersipora,16,early,17.448641752388024,0.6458029566557045
watersipora,16,early,21.18723750613589,0.45748013858741193
watersipora,16,larvae,17.07464256226161,0.49382127222266486
watersipora,16,larvae,17.181314240235793,0.8653999544424679
watersipora,16,larvae,16.53117551856414,0.7618213226813864
watersipora,16,larvae,16.63737831174381,0.7830920554007426
watersipora,16,larvae,20.99110712524675,0.6363090146927631
watersipora,16,larvae,19.654628343419105,0.4188002950762689
watersipora,16,larvae,21.862230656730596,0.6238207406711805
watersipora,16,larvae,17.80750217249325,0.8831527975869511
watersipora,16,larvae,21.586482740466757,0.9448453999157078
watersipora,16,larvae,14.46208780573993,0.8504436681098556
watersipora,16,larvae,19.494523980432426,0.7243847703163939
watersipora,16,larvae,20.692211891331958,1.072228236673706
watersipora,16,larvae,20.056095457925377,0.7050795749030419
watersipora,16,larvae,21.49018791124244,1.1804594032282805
watersipora,16,larvae,20.002387800589013,0.9838124314469572
watersipora,16,larvae,21.075067292628013,0.8453031064678861
watersipora,16,larvae,21.447656080975687,0.7396670353767196
watersipora,16,larvae,16.78512790574367,0.61389803462136
watersipora,16,larvae,20.147877469207284,0.9621760600532121
watersipora,16,late,16.599373651418066,1.147134406655993
watersipora,16,late,21.032327370862028,1.5636735067660923
watersipora,16,late,14.122862862623043,1.1120421327781207
watersipora,16,late,15.539126493524645,0.624710440252863
watersipora,16,late,17.220027037008332,0.952223703341588
watersipora,16,late,14.273900957938375,0.942929030895552
watersipora,16,late,13.359516478903647,1.3013068653058355
watersipora,16,late,9.770946829648244,0.6960166149685894
watersipora,16,late,15.61290758258717,1.1483697501995997
watersipora,16,late,16.06762750687889,0.8977763362406993
watersipora,16,late,13.086502847412545,0.49255551601903963
watersipora,16,late,18.509560637402597,1.1379598045113934
watersipora,16,late,12.99008835397055,0.8055383998918928
watersipora,16,late,9.221456225741617,0.868724508452343
watersipora,16,late,17.448641752388024,1.219535595742948
watersipora,16,late,21.18723750613589,1.2141943118573753
watersipora,17,larvae,19.897458519710202,0.875244972881612
watersipora,17,larvae,14.184246564775796,0.5185293613115413
watersipora,17,larvae,14.571906199791036,0.7785176678682674
watersipora,17,larvae,12.593502189167975,0.5810356810889313
watersipora,17,larvae,15.462568585838532,0.6658294571636085
watersipora,17,larvae,16.655348446656234,0.7917943674369876
watersipora,17,larvae,12.221265218575443,0.6288082079577337
watersipora,17,larvae,20.168801560461805,0.6251202016866177
watersipora,17,larvae,17.279381251779792,0.43384025830208633
watersipora,17,larvae,18.884126021775185,0.6224332896360811
watersipora,17,larvae,22.20639159286924,0.7281403865360787
watersipora,17,larvae,21.102587271194565,0.396565789273558
watersipora,17,larvae,17.646516152873627,0.5164119541899956
watersipora,17,larvae,21.083700824812443,0.5736762874987966
watersipora,17,larvae,13.208877301629137,0.6675862129323905
watersipora,17,larvae,21.13410106869491,0.8195614723671917
watersipora,17,larvae,22.528917569795237,0.949165058043994
watersipora,17,larvae,15.467944673567983,0.8260447474341688
watersipora,17,larvae,14.362699362680875,0.8277957150199834
watersipora,18,larvae,19.033711618938348,0.6889841212399036
watersipora,18,larvae,16.655563708601434,0.6627172086826462
watersipora,18,larvae,19.355133760008776,0.7823419838695723
watersipora,18,larvae,17.811809760894405,0.10402853990972992
watersipora,18,larvae,19.760511359344775,0.8815615056969466
watersipora,18,larvae,15.359996332528612,0.355630655283792
watersipora,18,larvae,21.67317476471948,0.2736339741430494
watersipora,18,larvae,21.370367664140456,0.45125080846468363
watersipora,18,larvae,22.7254261544914,0.67938882960957
watersipora,18,larvae,21.126222527283765,0.6293116896929861
watersipora,18,larvae,23.619054865490813,0.971315998413596
watersipora,18,larvae,19.759648602270605,0.7926213896311824
watersipora,18,larvae,21.24127463004026,0.4165339693982151
watersipora,18,larvae,19.028754057857075,0.9255752563739733
watersipora,18,larvae,17.672681841863515,0.4425960890353231
watersipora,18,larvae,21.401779142210465,1.0883731518517636
watersipora,18,larvae,16.288023753246232,0.35350422031946216
watersipora,18,larvae,17.93748810162496,0.27691971629260725
watersipora,18,larvae,19.245506310774164,0.8358653089257917
watersipora,18,larvae,22.70133387358006,0.7852613060340599
watersipora,19,larvae,19.570854356749482,0.557728946183542
watersipora,19,larvae,23.113656245107688,0.4048976908740203
watersipora,19,larvae,18.261909280088293,0.674063232922478
watersipora,19,larvae,19.13976693201199,0.4137053936395553
watersipora,19,larvae,21.951961987831798,0.44298938836938057
watersipora,19,larvae,17.9561199954025,0.5366113026723712
watersipora,19,larvae,21.112084526438657,0.811321163878275
watersipora,19,larvae,18.76591219729552,0.41505566134606386
watersipora,19,larvae,17.96376669443344,0.37021430859293925
watersipora,19,larvae,16.653841921018415,0.4898614605083273
watersipora,19,larvae,20.498554834230006,0.8521940075358325
watersipora,19,larvae,15.138532655497032,0.3309287737183089
watersipora,19,larvae,22.780958557726038,0.764797461906571
watersipora,19,larvae,17.2760438618645,0.6795635806552318
watersipora,19,larvae,21.999259418002485,0.7042452428096108
watersipora,19,larvae,20.34688324440949,0.5194398614194884
watersipora,19,larvae,21.712258153362594,0.3521325153697861
watersipora,20,larvae,15.079517166114886,0.5426275752939066
watersipora,20,larvae,20.082087314236777,0.7833104077520969
watersipora,20,larvae,18.076101862352473,0.44431715541833505
watersipora,20,larvae,20.494131805911206,0.6973101808078892
watersipora,20,larvae,17.42234855208076,0.2955878958608821
watersipora,20,larvae,20.525093633235873,0.6742361142280496
watersipora,20,larvae,18.541040177440834,0.5955593044014199
watersipora,20,larvae,17.19229375139869,0.43550843709273884
watersipora,20,larvae,19.818200096673635,0.5557803705653285
watersipora,20,larvae,23.80035149648133,0.4954427458940508
watersipora,20,larvae,23.399408539224705,0.8157732269424385
watersipora,20,larvae,18.30349024020916,0.5781470579960163
watersipora,20,larvae,17.179161243877683,0.4518706428641144
watersipora,20,larvae,18.51733732248976,0.5501880558951646
watersipora,20,larvae,23.201191996332344,0.23078096818730492
watersipora,20,larvae,19.152808792000208,1.0227154033356856
watersipora,20,larvae,16.989073959925364,0.5202189174424919
watersipora,20,larvae,21.284664108381374,0.7847319896272982
watersipora,20,larvae,14.947304607738806,0.26375995801219587
watersipora,20,larvae,18.21795969848552,0.31174201627883935
watersipora,21,larvae,21.053483098188032,0.46288462536054964
watersipora,21,larvae,18.072116601739758,0.49039992150976225
watersipora,21,larvae,15.058555918443018,0.4750853505733072
watersipora,21,larvae,15.506760631591765,0.5040810822176013
watersipora,21,larvae,15.949720685008815,0.5148553334366094
watersipora,21,larvae,18.90858904109241,0.41932305189954605
watersipora,21,larvae,14.44833417942463,0.4378439740644137
watersipora,21,larvae,17.94254995280792,0.47831452465476404
watersipora,21,larvae,14.783613775336319,0.46339885140574855
watersipora,21,larvae,22.878847789532557,0.6015128562021123
watersipora,21,larvae,23.843273637860534,0.8313724868146255
watersipora,21,larvae,14.081975876394214,0.40450987389416987
watersipora,21,larvae,16.130318841593393,0.42363818625401156
watersipora,21,larvae,15.570094053595982,0.6140204548150185
watersipora,21,larvae,19.03101734163332,0.6231737094967755
watersipora,21,larvae,15.865291207975183,0.5223382924608156
watersipora,21,larvae,17.707462795859065,0.6544693988923322
watersipora,21,larvae,18.442675887093234,0.4779944389472017
watersipora,21,larvae,22.18792350819881,0.7473010268308484
watersipora,21,larvae,22.247000726911686,0.6262868254610916
