BUGULA STAGE,BUGULA RUN,BUGULA LOG10MASS,BUGULA LOG10MR,WATERSIPORA STAGE,WATERSIPORA RUN,WATERSIPORA LOG10MASS,WATERSIPORA LOG10MR
LARVAE,1,1.124186756,-0.071805146,LARVAE,1,1.255951706,-0.061592385
LARVAE,1,1.214295479,-0.360622123,LARVAE,1,1.289612314,-0.092630496
LARVAE,1,1.22433698,-0.076938334,LARVAE,1,1.403697613,-0.122485256
LARVAE,1,1.282664907,-0.138331773,LARVAE,1,1.313850573,-0.244914925
LARVAE,1,1.230767873,-0.014145183,LARVAE,1,1.289417598,0.011041861
LARVAE,1,1.138109442,-0.125554505,LARVAE,1,1.200365611,-0.245334865
LARVAE,1,1.172068382,-0.062098047,LARVAE,1,1.219049358,-0.297517498
LARVAE,2,1.268175862,0.035072027,LARVAE,1,1.254839825,-0.183671068
LARVAE,2,0.996787355,-0.2136498,LARVAE,1,1.200271369,-0.511391666
LARVAE,2,1.113336486,-0.082634397,LARVAE,1,1.211070237,-0.229709687
LARVAE,2,1.073427141,-0.407338958,LARVAE,1,1.298187571,-0.221154419
LARVAE,2,1.255851873,-0.255882999,LARVAE,1,1.134906483,-0.76254179
LARVAE,2,1.254194254,0.014981535,LARVAE,1,1.254152581,-0.337862283
LARVAE,2,1.218582233,-0.010648897,LARVAE,1,1.270449755,-0.312318181
LARVAE,2,1.089243949,-0.349156489,LARVAE,1,1.18323347,-0.355082381
LARVAE,2,1.15509774,-0.389459178,LARVAE,1,1.261553864,-0.084053735
LARVAE,2,1.305722048,-0.086751443,LARVAE,1,1.349599308,-0.33081288
LARVAE,2,1.121603937,-0.406185692,LARVAE,1,1.373351953,0.02662711
LARVAE,2,1.05516312,-0.535431113,LARVAE,1,1.185870974,-0.430761012
LARVAE,2,1.142243008,-0.495930805,LARVAE,1,1.112293111,-0.314294793
LARVAE,2,1.133643367,-0.167001565,LARVAE,2,1.056678818,-0.48765413
LARVAE,2,1.079935262,-0.1325488,LARVAE,2,1.168683685,-0.17658324
LARVAE,2,1.167078473,-0.01598938,LARVAE,2,1.233961197,-0.368385175
LARVAE,3,1.269581358,-0.055739364,LARVAE,2,1.172929652,-0.196780088
LARVAE,3,1.257762445,-0.169621945,LARVAE,2,1.273244974,-0.100103643
LARVAE,3,1.262241883,-0.197754266,LARVAE,2,1.176084261,0.035240482
LARVAE,3,1.172494339,-0.067882148,LARVAE,2,1.340966742,-0.1419244
LARVAE,3,1.085340665,-0.320856575,LARVAE,2,1.296491988,-0.282766194
LARVAE,3,1.222394642,-0.237567648,LARVAE,2,1.231073974,-0.180538108
LARVAE,3,1.220009647,-0.128234148,LARVAE,2,1.304951737,-0.120999133
LARVAE,3,1.149410706,-0.253219789,LARVAE,2,1.298067345,0.092680069
LARVAE,3,1.151455743,-0.340705308,LARVAE,2,1.18477089,-0.127435422
LARVAE,3,1.296708966,-0.188148819,LARVAE,2,1.240540068,-0.384687489
LARVAE,4,1.30227541,0.026644979,LARVAE,2,1.102769988,-0.317643524
LARVAE,4,1.225027908,-0.026961145,LARVAE,2,1.271189699,-0.044908459
LARVAE,4,1.254726423,-0.277855335,LARVAE,2,1.309904722,0.05839859
LARVAE,4,1.19568088,-0.149181985,LARVAE,2,1.240074938,-0.209607958
LARVAE,4,1.235253349,-0.359776931,LARVAE,2,1.390739532,-0.317065373
LARVAE,4,1.061486792,-0.343367243,LARVAE,2,1.38801053,-0.28465741
LARVAE,4,1.230085898,0.142056133,LARVAE,3,1.292307838,-0.319731822
LARVAE,4,1.194156436,-0.086393277,LARVAE,3,1.226938737,-0.382129388
LARVAE,4,1.1208991,-0.045198132,LARVAE,3,1.137636276,-0.449524215
LARVAE,4,1.238538927,0.065281947,LARVAE,3,1.289311788,-0.256078202
LARVAE,4,1.148594162,-0.01327263,LARVAE,3,1.362605906,-0.254660577
LARVAE,5,1.276224938,-0.096906246,LARVAE,3,1.296617371,-0.509198905
LARVAE,5,1.240831788,0.103624417,LARVAE,3,1.37821384,-0.261054754
LARVAE,5,1.244301359,-0.244076851,LARVAE,3,1.380671749,-0.374873075
LARVAE,5,1.079701538,-0.133548767,LARVAE,3,1.295724704,-0.142537867
LARVAE,5,1.246091409,-0.17450437,LARVAE,3,1.294616421,-0.246506682
LARVAE,5,1.217258726,0.096698978,LARVAE,3,1.253221536,-0.189953044
LARVAE,5,1.160245224,-0.13124978,LARVAE,3,1.371583682,-0.335467239
LARVAE,5,1.204113669,-0.117266709,LARVAE,3,1.254246358,-0.164281629
LARVAE,5,1.269410213,-0.006329825,LARVAE,3,1.278491902,-0.118081989
LARVAE,5,1.076390412,-0.211359693,LARVAE,3,1.293545829,-0.30635783
LARVAE,5,1.272437532,-0.212944821,LARVAE,3,1.123463274,-0.381141379
LARVAE,5,1.238139187,-0.137709096,LARVAE,3,1.327081258,-0.391284517
LARVAE,5,1.08820995,-0.068257298,LARVAE,3,1.28807869,-0.378534336
LARVAE,6,1.292131565,-0.110028699,LARVAE,4,1.232351621,-0.306430206
LARVAE,6,1.212178149,-0.015879482,LARVAE,4,1.235056381,-0.062783132
LARVAE,6,1.323681793,-0.053818516,LARVAE,4,1.218303737,-0.118146876
LARVAE,6,1.230054219,-0.000569879,LARVAE,4,1.221084892,-0.106187182
LARVAE,6,1.329730716,0.079654324,LARVAE,4,1.322035345,-0.196331924
LARVAE,6,1.12603978,-0.347644294,LARVAE,4,1.293464836,-0.377993021
LARVAE,6,1.33725207,0.095468721,LARVAE,4,1.339694472,-0.20494019
LARVAE,6,1.088069992,-0.13254887,LARVAE,4,1.250603006,-0.053964151
LARVAE,6,1.259391449,0.02569845,LARVAE,4,1.334181885,-0.024639247
LARVAE,6,1.196647704,-0.029845652,LARVAE,4,1.160230994,-0.070354448
LARVAE,6,1.112456147,-0.105648654,LARVAE,4,1.289912635,-0.140030689
LARVAE,7,1.256565019,-0.351900742,LARVAE,4,1.315806917,0.03028724
LARVAE,7,1.162049547,-0.355545845,LARVAE,4,1.302246388,-0.151761866
LARVAE,7,1.097740929,-0.380807333,LARVAE,4,1.332240213,0.072051056
LARVAE,7,1.122083362,-0.345399399,LARVAE,4,1.301081843,-0.007087694
LARVAE,7,1.101131223,-0.115484865,LARVAE,4,1.32376897,-0.072987535
LARVAE,7,1.218228147,-0.348265806,LARVAE,4,1.331379837,-0.130963736
LARVAE,7,1.33602642,-0.221948353,LARVAE,4,1.224924655,-0.211903757
LARVAE,7,1.222152334,-0.055600633,LARVAE,4,1.304229301,-0.016745453
LARVAE,7,1.237721281,0.00654987,LARVAE,5,1.298797608,-0.057870375
LARVAE,7,1.25341276,-0.053798065,LARVAE,5,1.151806272,-0.285226647
LARVAE,7,1.275296529,-0.25540662,LARVAE,5,1.163516367,-0.108731527
LARVAE,7,1.16088179,-0.148184857,LARVAE,5,1.100146522,-0.235797197
LARVAE,7,1.256312261,-0.166162488,LARVAE,5,1.189281639,-0.176636995
LARVAE,8,1.282223238,-0.046887659,LARVAE,5,1.221553723,-0.101387592
LARVAE,8,1.296711326,-0.169727495,LARVAE,5,1.087116169,-0.201481798
LARVAE,8,1.165060078,-0.14158038,LARVAE,5,1.304680093,-0.204036466
LARVAE,8,1.285591579,-0.024912196,LARVAE,5,1.237528187,-0.36267015
LARVAE,8,1.330877631,-0.184536131,LARVAE,5,1.27609689,-0.205907188
LARVAE,8,1.29380763,-0.164407295,LARVAE,5,1.346477994,-0.13778488
LARVAE,8,1.295648166,-0.329967784,LARVAE,5,1.324335705,-0.401684754
LARVAE,8,1.297133524,-0.267672389,LARVAE,5,1.246658978,-0.287003713
LARVAE,8,1.212460146,0.001151651,LARVAE,5,1.323946845,-0.241333101
LARVAE,8,1.203343357,-0.239684096,LARVAE,5,1.120865906,-0.175492641
LARVAE,8,1.285742091,-0.37021735,LARVAE,5,1.32498378,-0.086418466
LARVAE,8,1.224019997,-0.2138772,LARVAE,5,1.352740326,-0.022658258
LARVAE,1,1.251408154,0.019565485,LARVAE,5,1.18943261,-0.082996426
LARVAE,1,0.988871542,-0.225486654,LARVAE,5,1.15723607,-0.082076826
LARVAE,1,1.253798775,-0.122035962,LARVAE,6,1.279523485,-0.161790787
LARVAE,1,1.329827466,-0.115035411,LARVAE,6,1.221559336,-0.178671752
LARVAE,1,1.114889679,-0.10236488,LARVAE,6,1.286796177,-0.106603363
LARVAE,1,1.198052478,-0.029547845,LARVAE,6,1.250708048,-0.982847497
LARVAE,1,1.283148801,0.032684654,LARVAE,6,1.295798179,-0.054747382
LARVAE,1,1.24183673,-0.138518842,LARVAE,6,1.186391112,-0.44900081
LARVAE,1,1.063409708,-0.210139424,LARVAE,6,1.335922533,-0.562829982
LARVAE,1,1.066678216,-0.154235484,LARVAE,6,1.329811994,-0.345582007
LARVAE,1,1.023977888,-0.192548793,LARVAE,6,1.356512036,-0.167881598
LARVAE,2,1.01409737,-0.402334356,LARVAE,6,1.32482185,-0.201134201
LARVAE,2,0.976116305,-0.22214556,LARVAE,6,1.373262515,-0.012639458
LARVAE,2,1.009991756,-0.19543218,LARVAE,6,1.295779217,-0.100934212
LARVAE,2,1.010372878,-0.436780313,LARVAE,6,1.327180574,-0.380349575
LARVAE,2,1.14455517,-0.111930614,LARVAE,6,1.279410353,-0.033588264
LARVAE,2,1.047799166,-0.06248987,LARVAE,6,1.247302459,-0.353992428
LARVAE,2,1.25625051,0.02348679,LARVAE,6,1.330449878,0.03677782
LARVAE,2,1.313877165,0.0843258,LARVAE,6,1.211868394,-0.451605397
LARVAE,2,1.138216895,0.011644054,LARVAE,6,1.253761626,-0.557646122
LARVAE,2,1.02734838,-0.18246579,LARVAE,6,1.284329341,-0.077863699
LARVAE,2,1.106609221,-0.043860484,LARVAE,6,1.356051376,-0.104985802
LARVAE,2,0.992983589,-0.215483211,LARVAE,7,1.291609785,-0.253576815
LARVAE,2,1.064634892,-0.052097655,LARVAE,7,1.36386865,-0.3926547
LARVAE,2,1.248945857,0.026486574,LARVAE,7,1.261546181,-0.171299361
LARVAE,2,1.231271302,0.000782154,LARVAE,7,1.281936645,-0.383308817
LARVAE,2,1.192107671,-0.034525647,LARVAE,7,1.341473342,-0.353606677
LARVAE,3,1.005517843,-0.199846523,LARVAE,7,1.254212499,-0.270340184
LARVAE,3,1.242551207,0.011256984,LARVAE,7,1.324531116,-0.090807195
LARVAE,3,1.016049179,-0.198756247,LARVAE,7,1.27336968,-0.381893658
LARVAE,3,1.090200286,-0.13246985,LARVAE,7,1.254397406,-0.4315468
LARVAE,3,1.228388037,-0.120044613,LARVAE,7,1.221514438,-0.309926727
LARVAE,3,1.164249875,-0.225919795,LARVAE,7,1.311723244,-0.069461524
LARVAE,3,1.204073436,-0.135399545,LARVAE,7,1.180083782,-0.48026547
LARVAE,3,1.163504167,-0.061919234,LARVAE,7,1.357571994,-0.116453562
LARVAE,3,1.090370535,-0.532062994,LARVAE,7,1.237444298,-0.167769904
LARVAE,3,1.092582516,-0.041284359,LARVAE,7,1.342408061,-0.152276078
LARVAE,4,1.24818717,-0.106739993,LARVAE,7,1.308497893,-0.284464726
LARVAE,4,1.200905802,-0.085189716,LARVAE,7,1.336704994,-0.453293871
LARVAE,4,1.266802021,-0.267217787,LARVAE,8,1.178387436,-0.26549814
LARVAE,4,1.191349628,-0.44618357,LARVAE,8,1.302808851,-0.106066103
LARVAE,4,1.241787702,-0.150307515,LARVAE,8,1.25710478,-0.352306918
LARVAE,4,1.191349628,-0.034589825,LARVAE,8,1.311629525,-0.156573994
LARVAE,4,1.215443954,-0.01465287,LARVAE,8,1.241106698,-0.529313354
LARVAE,4,1.241787702,0.009998452,LARVAE,8,1.312285147,-0.171187989
LARVAE,4,1.166864293,-0.440896266,LARVAE,8,1.268134095,-0.225074986
LARVAE,4,1.275423106,-0.170168225,LARVAE,8,1.235333823,-0.361003427
LARVAE,4,1.072480741,-0.171244601,LARVAE,8,1.297064209,-0.255096796
EARLY,1,1.124328311,-0.777927516,LARVAE,8,1.376583371,-0.305006526
EARLY,1,1.168966621,-0.840237313,LARVAE,8,1.36920488,-0.088430552
EARLY,1,1.063869708,-0.768293664,LARVAE,8,1.262533912,-0.23796168
EARLY,1,1.158425942,-0.78537307,LARVAE,8,1.235001956,-0.344985873
EARLY,1,1.103503117,-0.871701461,LARVAE,8,1.267578538,-0.259488842
EARLY,1,1.096279321,-0.729226794,LARVAE,8,1.365510298,-0.636800009
EARLY,1,1.262983961,-0.655536907,LARVAE,8,1.282232473,0.009754797
EARLY,1,1.024390901,-0.767412606,LARVAE,8,1.230169707,-0.283813859
EARLY,1,1.123181094,-0.861995453,LARVAE,8,1.328066801,-0.105278643
EARLY,1,1.035904611,-0.533182156,LARVAE,8,1.174562885,-0.578791135
EARLY,1,1.233933545,-0.870957805,LARVAE,8,1.260499737,-0.50620466
EARLY,1,1.089436169,-0.880260765,LARVAE,9,1.323323956,-0.334527244
EARLY,1,1.187369554,-0.684704699,LARVAE,9,1.25700902,-0.309449608
EARLY,1,1.171892536,-0.686626687,LARVAE,9,1.177783326,-0.323228361
EARLY,1,1.034115164,-0.735364373,LARVAE,9,1.190521083,-0.297499601
EARLY,1,1.018235934,-0.580245697,LARVAE,9,1.202753082,-0.288314784
EARLY,1,1.035876067,-1.094443825,LARVAE,9,1.276659123,-0.377451262
EARLY,2,1.105663784,-0.71001703,LARVAE,9,1.159817778,-0.358680623
EARLY,2,1.097911551,-0.772463421,LARVAE,9,1.253884164,-0.320286431
EARLY,2,0.972828913,-0.688398908,LARVAE,9,1.169780608,-0.334045047
EARLY,2,1.0927458,-0.849657903,LARVAE,9,1.359434149,-0.220755086
EARLY,2,1.064901426,-0.906194677,LARVAE,9,1.377365883,-0.080204352
EARLY,2,1.133548749,-0.907332667,LARVAE,9,1.148663596,-0.393070873
EARLY,2,1.095440841,-0.680384357,LARVAE,9,1.207642952,-0.3730049
EARLY,2,1.175669633,-0.366056699,LARVAE,9,1.192291236,-0.211817161
EARLY,2,1.150572058,-0.800879471,LARVAE,9,1.279462005,-0.205390877
EARLY,2,1.094030297,-0.911679079,LARVAE,9,1.200448048,-0.282048135
EARLY,2,1.16836637,-0.837802115,LARVAE,9,1.248156338,-0.184110655
EARLY,2,1.064700545,-0.902468859,LARVAE,9,1.265823934,-0.320577156
EARLY,2,1.14287327,-0.813010718,LARVAE,9,1.34611666,-0.126504421
EARLY,3,1.25466667,-0.64632895,LARVAE,9,1.347271469,-0.203226724
EARLY,3,1.239766403,-0.927558706,EARLY,1,1.263985497,-0.435102722
EARLY,3,1.201082004,-0.540429389,EARLY,1,1.201072289,-0.637084065
EARLY,3,1.256268056,-0.814252965,EARLY,1,1.146887598,-0.742771523
EARLY,3,1.333507748,-0.725113222,EARLY,1,1.22762781,-0.479452334
EARLY,3,1.093546051,-0.798111153,EARLY,1,1.256883841,-0.381803246
EARLY,3,1.14291397,-0.932704084,EARLY,1,1.331208989,-0.325092155
EARLY,3,1.062045814,-0.766504413,EARLY,1,1.251640931,-0.964589623
EARLY,3,1.367165051,-0.779735683,EARLY,1,1.263699904,-0.741079424
EARLY,3,1.101236598,-0.983770402,EARLY,1,1.20482947,-0.602515814
EARLY,3,1.249449559,-0.84218404,EARLY,1,1.294670421,-0.545733106
EARLY,3,1.280571265,-0.736012182,EARLY,1,1.183813382,-0.46339634
EARLY,3,1.223662002,-0.944245494,EARLY,1,1.218380881,-0.761893941
EARLY,3,1.1502981,-1.175525503,EARLY,1,1.283189492,-0.593327537
EARLY,3,1.012605274,-0.881589669,EARLY,1,1.32747694,-0.666596969
EARLY,3,1.273820738,-0.707219248,EARLY,1,1.333497535,-0.58952151
EARLY,3,1.196206298,-0.783819147,EARLY,1,1.39886778,-0.255906904
EARLY,4,1.287519432,-0.806514892,EARLY,2,1.152259914,-0.407089031
EARLY,4,1.287334081,-0.659766039,EARLY,2,1.292143748,-0.441551589
EARLY,4,1.210081802,-0.711500479,EARLY,2,1.219336001,-0.581252155
EARLY,4,1.290707454,-0.590809657,EARLY,2,1.38879599,-0.403226383
EARLY,4,1.248658713,-0.834937367,EARLY,2,1.309956753,-0.355174428
EARLY,4,1.173629059,-0.972895199,EARLY,2,1.296383962,-0.300647677
EARLY,4,1.131365227,-0.852418996,EARLY,2,1.300237838,-0.49675119
EARLY,4,1.296086201,-0.733737299,EARLY,2,1.208478367,-0.569115654
EARLY,4,1.193399032,-0.77549779,EARLY,2,1.239878086,-0.394549872
EARLY,4,1.254818394,-0.836139768,EARLY,2,1.258887058,-0.463373142
EARLY,4,1.038968553,-0.880428692,EARLY,2,1.20949794,-0.451290495
EARLY,4,0.99895518,-0.76513831,EARLY,3,1.204669194,-0.774012108
EARLY,4,1.242921057,-0.738531686,EARLY,3,1.199197176,-0.590042374
EARLY,4,0.994102403,-0.950020598,EARLY,3,1.381198063,-0.55106825
EARLY,4,1.306070607,-1.005481337,EARLY,3,1.155235694,-0.782911602
EARLY,4,1.184089662,-0.743596293,EARLY,3,1.284436915,-0.609571926
EARLY,4,1.140922283,-0.883377484,EARLY,3,1.239912229,-0.749309287
EARLY,4,1.261497321,-0.731045733,EARLY,3,1.291357346,-0.621196387
EARLY,4,1.156097964,-0.910316135,EARLY,3,1.321849005,-0.471933112
EARLY,5,1.078974695,-0.619549559,EARLY,3,1.213374438,-0.679027732
EARLY,5,1.311547038,-0.649726646,EARLY,3,1.148980384,-0.715991192
EARLY,5,0.930859534,-0.835614118,EARLY,3,1.298047236,-0.573777517
EARLY,5,1.147897606,-1.048225419,EARLY,3,1.351865819,-0.506536761
EARLY,5,1.103467353,-0.714490693,EARLY,3,1.150988326,-0.601041872
EARLY,5,1.068144282,-0.640604432,EARLY,3,1.346231213,-0.422907751
EARLY,5,1.172322406,-0.499008982,EARLY,3,1.172378166,-0.562344017
EARLY,5,1.008245446,-0.576970942,EARLY,4,1.220091701,-0.331167739
EARLY,5,0.98665553,-1.048624455,EARLY,4,1.322887333,-0.37071844
EARLY,5,1.058814604,-0.444140697,EARLY,4,1.149922742,-0.537539937
EARLY,5,1.124220226,-0.704306261,EARLY,4,1.191426602,-0.639955795
EARLY,5,1.227033275,-0.832298322,EARLY,4,1.236033829,-0.376604001
EARLY,5,1.012789067,-1.106972416,EARLY,4,1.154542679,-0.379394392
EARLY,5,1.075720548,-0.678098527,EARLY,4,1.12579074,-0.820048667
EARLY,5,1.285503522,-0.649795206,EARLY,4,0.98993665,-0.572139819
EARLY,5,1.036645921,-0.673529301,EARLY,4,1.193483789,-0.369790294
EARLY,5,0.983236882,-1.025554483,EARLY,4,1.205951755,-0.414637634
EARLY,5,1.259731648,-0.570962438,EARLY,4,1.116823604,-0.645189448
EARLY,5,1.169315349,-0.83100865,EARLY,4,1.26739611,-0.529981231
EARLY,6,1.192099176,-0.817650796,EARLY,4,1.113612105,-0.530401166
EARLY,6,1.130047647,-0.879205566,EARLY,4,0.964799509,-0.51696085
EARLY,6,1.281642756,-0.824331651,EARLY,4,1.241761626,-0.189899971
EARLY,6,1.105969783,-1.235466227,EARLY,4,1.326074335,-0.339627756
EARLY,6,1.163700291,-0.775603753,LATE,1,1.263985497,0.20126213
EARLY,6,0.961861865,-0.750406763,LATE,1,1.201072289,-0.21549
EARLY,6,1.215185851,-0.718871474,LATE,1,1.146887598,-0.01301864
EARLY,6,1.094526528,-0.694928557,LATE,1,1.22762781,-0.01301864
EARLY,6,1.259833564,-0.654213082,LATE,1,1.256883841,0.096381222
EARLY,6,1.316342728,-0.534759603,LATE,1,1.331208989,0.112189477
EARLY,6,1.16520511,-1.138266612,LATE,1,1.251640931,0.293874538
EARLY,6,1.122784537,-1.167365626,LATE,1,1.263699904,0.177006516
EARLY,6,1.199458814,-0.600577242,LATE,1,1.20482947,-0.265487
EARLY,6,1.179669713,-0.751217955,LATE,1,1.294670421,-0.202665584
EARLY,6,1.251074059,-0.724500525,LATE,1,1.183813382,0.087114393
EARLY,6,1.152144139,-0.911488421,LATE,1,1.218380881,0.226408089
EARLY,6,1.2371188,-0.838458372,LATE,1,1.283189492,-0.095476538
EARLY,7,1.248894936,-0.783058436,LATE,1,1.32747694,-0.040689033
EARLY,7,1.103783635,-0.897639263,LATE,1,1.333497535,0.086548754
EARLY,7,1.204498837,-0.711785034,LATE,1,1.39886778,0.035503094
EARLY,7,1.067424521,-0.743302495,LATE,2,1.152259914,-0.214079522
EARLY,7,1.122321964,-0.530138081,LATE,2,1.292143748,0.035648974
EARLY,7,1.037884968,-0.673184341,LATE,2,1.219336001,-0.057354239
EARLY,7,1.256546093,-0.469878622,LATE,2,1.38879599,-0.135946851
EARLY,7,1.301915491,-0.568056444,LATE,2,1.309956753,-0.086501477
EARLY,7,1.352414644,-0.463545025,LATE,2,1.296383962,-0.144518367
EARLY,7,1.252437207,-0.600076449,LATE,2,1.300237838,0.16089879
EARLY,7,1.146875179,-0.858865498,LATE,2,1.208478367,-0.401029432
EARLY,7,1.388732846,-0.490332189,LATE,2,1.239878086,-0.251814497
EARLY,7,1.168931243,-0.565883303,LATE,2,1.258887058,-0.169762579
EARLY,7,1.081189939,-0.676196141,LATE,2,1.20949794,0.009272208
EARLY,7,1.016726129,-1.173158399,LATE,3,1.204669194,-0.202762808
EARLY,7,0.908708507,-1.611376697,LATE,3,1.199197176,-0.170812257
EARLY,7,1.05344486,-0.642899298,LATE,3,1.381198063,-0.15870521
EARLY,8,1.20225032,-0.778122196,LATE,3,1.155235694,-0.20243384
EARLY,8,1.220541554,-0.751634488,LATE,3,1.284436915,-0.117270088
EARLY,8,1.120889148,-0.994979343,LATE,3,1.239912229,-0.272755053
EARLY,8,1.262246714,-0.78673156,LATE,3,1.291357346,-0.207571923
EARLY,8,1.225628368,-0.727375484,LATE,3,1.321849005,-0.064819551
EARLY,8,1.191285267,-0.53001056,LATE,3,1.213374438,-0.220259671
EARLY,8,1.122659115,-0.782325869,LATE,3,1.148980384,-0.188535843
EARLY,8,1.366830176,-0.757925528,LATE,3,1.298047236,-0.161308218
EARLY,8,1.295824366,-0.481622749,LATE,3,1.351865819,-0.169798571
EARLY,8,1.205298974,-1.509810619,LATE,3,1.150988326,-0.207283295
EARLY,8,1.223773885,-0.957317124,LATE,3,1.346231213,-0.209061952
EARLY,8,1.223012711,-0.654727334,LATE,3,1.172378166,-0.151846585
EARLY,8,1.27479386,-0.679937838,LATE,4,1.220091701,0.059614306
EARLY,8,1.228982276,-0.851225867,LATE,4,1.322887333,0.194146078
EARLY,8,1.168715822,-0.593598312,LATE,4,1.149922742,0.046121242
EARLY,8,1.330070436,-0.540454184,LATE,4,1.191426602,-0.204321236
EARLY,9,1.078271951,-0.69214792,LATE,4,1.236033829,-0.021261012
EARLY,9,1.034685255,-0.678318125,LATE,4,1.154542679,-0.025520993
EARLY,9,1.110793977,-0.688279176,LATE,4,1.12579074,0.114379721
EARLY,9,1.104329696,-0.710866424,LATE,4,0.98993665,-0.157380393
EARLY,9,0.890698076,-0.797244628,LATE,4,1.193483789,0.060081744
EARLY,9,1.126693449,-0.795662471,LATE,4,1.205951755,-0.046831846
EARLY,9,1.093057453,-0.920503556,LATE,4,1.116823604,-0.307544813
EARLY,9,0.944397823,-0.883158421,LATE,4,1.26739611,0.056126922
EARLY,9,0.971279621,-0.923613061,LATE,4,1.113612105,-0.093913752
EARLY,9,1.027839139,-0.768146099,LATE,4,0.964799509,-0.061117926
EARLY,9,1.049327487,-0.905325901,LATE,4,1.241761626,0.086194481
EARLY,9,1.029732831,-0.716187487,LATE,4,1.326074335,0.084288194
EARLY,9,1.051552629,-0.836337307,,,,
EARLY,9,1.132288471,-0.622625326,,,,
EARLY,9,1.21315132,-0.716304231,,,,
EARLY,9,0.961157134,-1.109104155,,,,
EARLY,9,0.939210748,-0.888551062,,,,
EARLY,9,1.155653444,-0.763776158,,,,
EARLY,9,1.061932038,-0.87277442,,,,
EARLY,9,1.173519832,-0.891148714,,,,
EARLY,10,1.106427228,-0.505987281,,,,
EARLY,10,0.951495519,-1.128654843,,,,
EARLY,10,1.168872381,-0.643524666,,,,
EARLY,10,1.268038423,-0.729625267,,,,
EARLY,10,1.236184011,-0.764022384,,,,
EARLY,10,1.215202719,-0.849375035,,,,
EARLY,10,1.289819902,-0.603300486,,,,
EARLY,10,1.127487765,-0.574376582,,,,
EARLY,10,1.156756293,-0.741282888,,,,
EARLY,10,1.07299642,-0.576054479,,,,
EARLY,10,0.8367036,-1.214663252,,,,
EARLY,10,1.086552826,-0.575911696,,,,
EARLY,10,1.280172515,-0.677402269,,,,
EARLY,10,0.882854729,-0.92742105,,,,
EARLY,10,1.260913336,-0.538571123,,,,
EARLY,10,1.038294097,-1.340524476,,,,
EARLY,10,1.077440959,-0.717501564,,,,
EARLY,10,1.137368678,-0.689302026,,,,
EARLY,10,1.214814575,-0.881656979,,,,
EARLY,10,1.162316685,-0.818594736,,,,
EARLY,11,1.025975967,-0.823516351,,,,
EARLY,11,1.252070809,-0.755737433,,,,
EARLY,11,1.051162853,-0.687017598,,,,
EARLY,11,1.139959233,-0.810819353,,,,
EARLY,11,1.165943183,-0.903739552,,,,
EARLY,11,1.164223386,-0.713740105,,,,
EARLY,11,1.146301883,-0.95882896,,,,
EARLY,11,0.92938305,-0.862789632,,,,
EARLY,11,1.068763555,-1.140614862,,,,
EARLY,11,1.123240997,-0.940360915,,,,
EARLY,11,1.131592907,-0.797982818,,,,
EARLY,12,1.100942193,-0.72561237,,,,
EARLY,12,1.222589977,-0.689476042,,,,
EARLY,12,1.182277777,-0.63246555,,,,
EARLY,12,1.183350771,-1.121225003,,,,
EARLY,12,1.029237424,-0.917943711,,,,
EARLY,12,1.121379997,-0.956358456,,,,
EARLY,12,1.215510358,-0.867010966,,,,
EARLY,12,1.011167061,-0.802761175,,,,
EARLY,12,1.172893702,-0.81888409,,,,
EARLY,12,1.084658456,-0.849956517,,,,
EARLY,12,1.045595422,-0.647258536,,,,
LATE,1,-0.777927516,-0.239296021,,,,
LATE,1,-0.840237313,-0.676503641,,,,
LATE,1,-0.768293664,-0.52675007,,,,
LATE,1,-0.78537307,-0.240615529,,,,
LATE,1,-0.871701461,-0.534337599,,,,
LATE,1,-0.729226794,-0.314694501,,,,
LATE,1,-0.655536907,-0.292677951,,,,
LATE,1,-0.767412606,-0.524515732,,,,
LATE,1,-0.861995453,-0.625148361,,,,
LATE,1,-0.533182156,-0.218091185,,,,
LATE,1,-0.870957805,-0.450803537,,,,
LATE,1,-0.880260765,-0.30801559,,,,
LATE,1,-0.684704699,-0.235150257,,,,
LATE,1,-0.686626687,-0.33936674,,,,
LATE,1,-0.735364373,-0.554124391,,,,
LATE,1,-0.580245697,-0.267025264,,,,
LATE,1,-1.094443825,-0.619320608,,,,
LATE,2,-0.71001703,-0.170053122,,,,
LATE,2,-0.772463421,-0.481666152,,,,
LATE,2,-0.688398908,-0.537407557,,,,
LATE,2,-0.849657903,-0.650773946,,,,
LATE,2,-0.906194677,-0.829500518,,,,
LATE,2,-0.907332667,-0.342314423,,,,
LATE,2,-0.680384357,-0.587575283,,,,
LATE,2,-0.366056699,-0.437578163,,,,
LATE,2,-0.800879471,-0.689442088,,,,
LATE,2,-0.911679079,-0.382087841,,,,
LATE,2,-0.837802115,-0.848717453,,,,
LATE,2,-0.902468859,-0.384455086,,,,
LATE,2,-0.813010718,-0.506252582,,,,
LATE,3,-0.64632895,-0.429519179,,,,
LATE,3,-0.927558706,-0.554629815,,,,
LATE,3,-0.540429389,-0.376151677,,,,
LATE,3,-0.814252965,-0.540537186,,,,
LATE,3,-0.725113222,-0.318203246,,,,
LATE,3,-0.798111153,-0.559789345,,,,
LATE,3,-0.932704084,-0.636047575,,,,
LATE,3,-0.766504413,-0.556156537,,,,
LATE,3,-0.779735683,-0.475404464,,,,
LATE,3,-0.983770402,-0.339490251,,,,
LATE,3,-0.84218404,-0.622176969,,,,
LATE,3,-0.736012182,-0.473273914,,,,
LATE,3,-0.944245494,-0.530240135,,,,
LATE,3,-1.175525503,-0.555631597,,,,
LATE,3,-0.881589669,-0.425608745,,,,
LATE,3,-0.707219248,-0.446915721,,,,
LATE,3,-0.783819147,-0.665325673,,,,
LATE,4,-0.806514892,-0.453898519,,,,
LATE,4,-0.659766039,-0.309229099,,,,
LATE,4,-0.711500479,-0.271512798,,,,
LATE,4,-0.590809657,-0.324338014,,,,
LATE,4,-0.834937367,-0.572400444,,,,
LATE,4,-0.972895199,-0.676011081,,,,
LATE,4,-0.852418996,-0.478479555,,,,
LATE,4,-0.733737299,-0.578369034,,,,
LATE,4,-0.77549779,-0.357053159,,,,
LATE,4,-0.836139768,-0.417518079,,,,
LATE,4,-0.880428692,-0.762742553,,,,
LATE,4,-0.76513831,-0.373811047,,,,
LATE,4,-0.738531686,-0.391087139,,,,
LATE,4,-0.950020598,-0.671300896,,,,
LATE,4,-1.005481337,-0.495802691,,,,
LATE,4,-0.743596293,-0.348743627,,,,
LATE,4,-0.883377484,-0.425821237,,,,
LATE,4,-0.731045733,-0.494679477,,,,
LATE,4,-0.910316135,-0.400359169,,,,
LATE,5,-0.619549559,-0.352589197,,,,
LATE,5,-0.649726646,-0.273430981,,,,
LATE,5,-0.835614118,-0.325297227,,,,
LATE,5,-1.048225419,-0.438343591,,,,
LATE,5,-0.714490693,-0.43134561,,,,
LATE,5,-0.640604432,-0.59035057,,,,
LATE,5,-0.499008982,-0.585231641,,,,
LATE,5,-0.576970942,-0.472591978,,,,
LATE,5,-1.048624455,-0.54998591,,,,
LATE,5,-0.444140697,-0.544777928,,,,
LATE,5,-0.704306261,-0.409268375,,,,
LATE,5,-0.832298322,-0.252531709,,,,
LATE,5,-1.106972416,-0.50283483,,,,
LATE,5,-0.678098527,-0.662935565,,,,
LATE,5,-0.649795206,-0.421699417,,,,
LATE,5,-0.673529301,-0.247697701,,,,
LATE,5,-1.025554483,-0.564611671,,,,
LATE,5,-0.570962438,-0.54563562,,,,
LATE,5,-0.83100865,-0.521067243,,,,
LATE,6,-0.817650796,-0.435423852,,,,
LATE,6,-0.879205566,-0.296834145,,,,
LATE,6,-0.824331651,-0.282365482,,,,
LATE,6,-1.235466227,-0.604140458,,,,
LATE,6,-0.775603753,-0.282946323,,,,
LATE,6,-0.750406763,-0.430508638,,,,
LATE,6,-0.718871474,-0.522939706,,,,
LATE,6,-0.694928557,-0.483611382,,,,
LATE,6,-0.654213082,-0.259399832,,,,
LATE,6,-0.534759603,-0.440953725,,,,
LATE,6,-1.138266612,-0.395958302,,,,
LATE,6,-1.167365626,-0.452520403,,,,
LATE,6,-0.600577242,-0.414335131,,,,
LATE,6,-0.751217955,-0.650404749,,,,
LATE,6,-0.724500525,-0.49687168,,,,
LATE,6,-0.911488421,-0.537823403,,,,
LATE,6,-0.838458372,-0.454512257,,,,
LATE,7,-0.783058436,-0.372303451,,,,
LATE,7,-0.897639263,-0.491437552,,,,
LATE,7,-0.711785034,-0.45733672,,,,
LATE,7,-0.743302495,-0.383933939,,,,
LATE,7,-0.530138081,-0.406740461,,,,
LATE,7,-0.673184341,-0.468016138,,,,
LATE,7,-0.469878622,-0.283372395,,,,
LATE,7,-0.568056444,-0.382725618,,,,
LATE,7,-0.463545025,-0.420969228,,,,
LATE,7,-0.600076449,-0.397861107,,,,
LATE,7,-0.858865498,-0.52851973,,,,
LATE,7,-0.490332189,-0.319199881,,,,
LATE,7,-0.565883303,-0.565800384,,,,
LATE,7,-0.676196141,-0.417469777,,,,
LATE,7,-1.173158399,-0.495775586,,,,
LATE,7,-1.611376697,-0.796081419,,,,
LATE,7,-0.642899298,-0.330281035,,,,
LATE,8,-0.778122196,-0.733647181,,,,
LATE,8,-0.751634488,-0.852294305,,,,
LATE,8,-0.994979343,-0.50752351,,,,
LATE,8,-0.78673156,-0.601638333,,,,
LATE,8,-0.727375484,-0.599297234,,,,
LATE,8,-0.53001056,-0.556831114,,,,
LATE,8,-0.782325869,-0.516199031,,,,
LATE,8,-0.757925528,-0.476329522,,,,
LATE,8,-0.481622749,-0.388998138,,,,
LATE,8,-1.509810619,-0.592876003,,,,
LATE,8,-0.957317124,-0.391968357,,,,
LATE,8,-0.654727334,-0.420140636,,,,
LATE,8,-0.679937838,-0.47531409,,,,
LATE,8,-0.851225867,-0.606750232,,,,
LATE,8,-0.593598312,-0.483932509,,,,
LATE,8,-0.540454184,-0.554862424,,,,
LATE,9,-0.69214792,-0.191416837,,,,
LATE,9,-0.678318125,-0.434804514,,,,
LATE,9,-0.688279176,-0.381546205,,,,
LATE,9,-0.710866424,-0.451924129,,,,
LATE,9,-0.797244628,-0.570608055,,,,
LATE,9,-0.795662471,-0.344677367,,,,
LATE,9,-0.920503556,-0.662723962,,,,
LATE,9,-0.883158421,-0.489039239,,,,
LATE,9,-0.923613061,-0.300421966,,,,
LATE,9,-0.768146099,-0.305589078,,,,
LATE,9,-0.905325901,-0.484575212,,,,
LATE,9,-0.716187487,-0.425855541,,,,
LATE,9,-0.836337307,-0.490961162,,,,
LATE,9,-0.622625326,-0.435333111,,,,
LATE,9,-0.716304231,-0.369404419,,,,
LATE,9,-1.109104155,-0.606592139,,,,
LATE,9,-0.888551062,-0.468694677,,,,
LATE,9,-0.763776158,-0.551262679,,,,
LATE,9,-0.87277442,-0.451784755,,,,
LATE,9,-0.891148714,-0.49675182,,,,
LATE,10,-0.505987281,-0.322344508,,,,
LATE,10,-1.128654843,-0.681997174,,,,
LATE,10,-0.643524666,-0.303568492,,,,
LATE,10,-0.729625267,-0.287139013,,,,
LATE,10,-0.764022384,-0.48957182,,,,
LATE,10,-0.849375035,-0.438179568,,,,
LATE,10,-0.603300486,-0.500715745,,,,
LATE,10,-0.574376582,-0.356794368,,,,
LATE,10,-0.741282888,-0.412583022,,,,
LATE,10,-0.576054479,-0.234811234,,,,
LATE,10,-1.214663252,-0.701701881,,,,
LATE,10,-0.575911696,-0.398010586,,,,
LATE,10,-0.677402269,-0.407656549,,,,
LATE,10,-0.92742105,-0.481212025,,,,
LATE,10,-0.538571123,-0.403039962,,,,
LATE,10,-1.340524476,-0.286281375,,,,
LATE,10,-0.717501564,-0.521543295,,,,
LATE,10,-0.689302026,-0.413988326,,,,
LATE,10,-0.881656979,-0.419675854,,,,
LATE,10,-0.818594736,-0.619167751,,,,
LATE,11,-0.823516351,-0.294395641,,,,
LATE,11,-0.755737433,-0.31342315,,,,
LATE,11,-0.687017598,-0.218976862,,,,
LATE,11,-0.810819353,-0.22975351,,,,
LATE,11,-0.903739552,-0.292708409,,,,
LATE,11,-0.713740105,-0.22946391,,,,
LATE,11,-0.95882896,-0.378850425,,,,
LATE,11,-0.862789632,-0.363402671,,,,
LATE,11,-1.140614862,-0.219178642,,,,
LATE,11,-0.940360915,-0.229317102,,,,
LATE,11,-0.797982818,-0.195304029,,,,
LATE,12,-0.72561237,-0.154164165,,,,
LATE,12,-0.689476042,-0.196749102,,,,
LATE,12,-0.63246555,-0.327308175,,,,
LATE,12,-1.121225003,-0.437239582,,,,
LATE,12,-0.917943711,-0.240033477,,,,
LATE,12,-0.956358456,-0.396816444,,,,
LATE,12,-0.867010966,-0.302914324,,,,
LATE,12,-0.802761175,-0.448672111,,,,
LATE,12,-0.81888409,-0.308596634,,,,
LATE,12,-0.849956517,-0.287334837,,,,
LATE,12,-0.647258536,-0.340066996,,,,
